-- BRAND
INSERT INTO public.brand (id, created_date, last_modified_date, name, description, sort_order)
VALUES (1001, '2024-09-30 00:17:26.932906', '2024-09-30 00:17:26.932906', 'American Eagle', null, 1),
       (1051, '2024-09-30 00:17:26.932906', '2024-09-30 00:17:26.932906', 'Hollister', null, 2),
       (1101, '2024-09-30 00:17:26.932906', '2024-09-30 00:17:26.932906', 'Pull & Bear', null, 3),
       (1151, '2024-09-30 00:17:26.932906', '2024-09-30 00:17:26.932906', 'Zara', null, 4);

-- CATEGORY
INSERT INTO public.category (id, created_date, last_modified_date, name, description, sort_order)
VALUES (1201, '2024-09-30 00:17:33.072959', '2024-09-30 00:17:33.072959', 'Hoodies', null, 1),
       (1251, '2024-09-30 00:17:33.072959', '2024-09-30 00:17:33.072959', 'Jeans', null, 2),
       (1301, '2024-09-30 00:17:33.072959', '2024-09-30 00:17:33.072959', 'Polos', null, 3),
       (1351, '2024-09-30 00:17:33.072959', '2024-09-30 00:17:33.072959', 'Shirts', null, 4);

-- PRODUCT
INSERT INTO public.product (id, created_date, last_modified_date, name, description, image_url, original_price,
                            selling_price, sort_order, brand_id, category_id)
VALUES (1401, '2024-09-30 00:17:49.439925', '2024-09-30 00:17:49.439925', 'White Poplin Shirt', null,
        'https://firebasestorage.googleapis.com/v0/b/tiptop-store.appspot.com/o/Ae_Shirt_1.jpg?alt=media', 2590, 2590,
        1, 1001, 1351),
       (1451, '2024-09-30 00:17:49.439925', '2024-09-30 00:17:49.439925', 'Burgandy Flannel Shirt', null,
        'https://firebasestorage.googleapis.com/v0/b/tiptop-store.appspot.com/o/Ae_Shirt_2.jpg?alt=media', 2340, 2340,
        1, 1001, 1351),
       (1501, '2024-09-30 00:17:49.439925', '2024-09-30 00:17:49.439925', 'Red Flannel Shirt', null,
        'https://firebasestorage.googleapis.com/v0/b/tiptop-store.appspot.com/o/Ae_Shirt_3.jpg?alt=media', 2390, 2390,
        1, 1001, 1351),
       (1551, '2024-09-30 00:17:49.439925', '2024-09-30 00:17:49.439925', 'Green Flannel Shirt', null,
        'https://firebasestorage.googleapis.com/v0/b/tiptop-store.appspot.com/o/Ae_Shirt_4.jpg?alt=media', 2120, 2120,
        1, 1001, 1351),
       (1601, '2024-09-30 00:17:49.439925', '2024-09-30 00:17:49.439925', 'Blue Oxford Shirt', null,
        'https://firebasestorage.googleapis.com/v0/b/tiptop-store.appspot.com/o/Ae_Shirt_5.jpg?alt=media', 1970, 1970,
        1, 1001, 1351),
       (1651, '2024-09-30 00:17:49.439925', '2024-09-30 00:17:49.439925', 'Green Utility Hoodie', null,
        'https://firebasestorage.googleapis.com/v0/b/tiptop-store.appspot.com/o/Ae_Hoodie_1.jpg?alt=media', 2800, 2800,
        1, 1001, 1201),
       (1701, '2024-09-30 00:17:49.439925', '2024-09-30 00:17:49.439925', 'White Utility Hoodie', null,
        'https://firebasestorage.googleapis.com/v0/b/tiptop-store.appspot.com/o/Ae_Hoodie_2.jpg?alt=media', 2600, 2600,
        1, 1001, 1201),
       (1751, '2024-09-30 00:17:49.439925', '2024-09-30 00:17:49.439925', 'Gray Active Hoodie', null,
        'https://firebasestorage.googleapis.com/v0/b/tiptop-store.appspot.com/o/Ae_Hoodie_3.jpg?alt=media', 2700, 2700,
        1, 1001, 1201),
       (1801, '2024-09-30 00:17:49.439925', '2024-09-30 00:17:49.439925', 'Green Active Camo Hoodie', null,
        'https://firebasestorage.googleapis.com/v0/b/tiptop-store.appspot.com/o/Ae_Hoodie_4.jpg?alt=media', 3100, 3100,
        1, 1001, 1201),
       (1851, '2024-09-30 00:17:49.439925', '2024-09-30 00:17:49.439925', 'Burgundy Flex Polo', null,
        'https://firebasestorage.googleapis.com/v0/b/tiptop-store.appspot.com/o/Ae_Polo_1.jpg?alt=media', 950, 950, 1,
        1001, 1301),
       (1901, '2024-09-30 00:17:49.439925', '2024-09-30 00:17:49.439925', 'Blue Skinny Jeans', null,
        'https://firebasestorage.googleapis.com/v0/b/tiptop-store.appspot.com/o/Ae_Jeans_1.jpg?alt=media', 2600, 2600,
        1, 1001, 1251),
       (1951, '2024-09-30 00:17:49.439925', '2024-09-30 00:17:49.439925', 'Blue Distressed Jeans', null,
        'https://firebasestorage.googleapis.com/v0/b/tiptop-store.appspot.com/o/Ae_Jeans_2.jpg?alt=media', 2600, 2600,
        1, 1001, 1251),
       (2001, '2024-09-30 00:17:49.439925', '2024-09-30 00:17:49.439925', 'Black Knee Slash Jeans', null,
        'https://firebasestorage.googleapis.com/v0/b/tiptop-store.appspot.com/o/Ae_Jeans_3.jpg?alt=media', 2600, 2600,
        1, 1001, 1251),
       (2051, '2024-09-30 00:17:49.439925', '2024-09-30 00:17:49.439925', 'White Knee Slash Jeans', null,
        'https://firebasestorage.googleapis.com/v0/b/tiptop-store.appspot.com/o/Ae_Jeans_4.jpg?alt=media', 2500, 2500,
        1, 1001, 1251),
       (2101, '2024-09-30 00:17:49.439925', '2024-09-30 00:17:49.439925', 'Khaki Slim Jeans', null,
        'https://firebasestorage.googleapis.com/v0/b/tiptop-store.appspot.com/o/Ae_Jeans_5.jpg?alt=media', 2200, 2200,
        1, 1001, 1251),
       (2151, '2024-09-30 00:17:49.439925', '2024-09-30 00:17:49.439925', 'Navy Oxford Shirt', null,
        'https://firebasestorage.googleapis.com/v0/b/tiptop-store.appspot.com/o/Hollister_Shirt_1.jpg?alt=media', 2250,
        2250, 1, 1051, 1351),
       (2201, '2024-09-30 00:17:49.439925', '2024-09-30 00:17:49.439925', 'White Oxford Shirt', null,
        'https://firebasestorage.googleapis.com/v0/b/tiptop-store.appspot.com/o/Hollister_Shirt_2.jpg?alt=media', 2300,
        2300, 1, 1051, 1351),
       (2251, '2024-09-30 00:17:49.439925', '2024-09-30 00:17:49.439925', 'Blue Poplin Shirt', null,
        'https://firebasestorage.googleapis.com/v0/b/tiptop-store.appspot.com/o/Hollister_Shirt_3.jpg?alt=media', 2200,
        2200, 1, 1051, 1351),
       (2301, '2024-09-30 00:17:49.439925', '2024-09-30 00:17:49.439925', 'Red Poplin Shirt', null,
        'https://firebasestorage.googleapis.com/v0/b/tiptop-store.appspot.com/o/Hollister_Shirt_4.jpg?alt=media', 2200,
        2200, 1, 1051, 1351),
       (2351, '2024-09-30 00:17:49.439925', '2024-09-30 00:17:49.439925', 'White Pattern Shirt', null,
        'https://firebasestorage.googleapis.com/v0/b/tiptop-store.appspot.com/o/Hollister_Shirt_5.jpg?alt=media', 1450,
        1450, 1, 1051, 1351),
       (2401, '2024-09-30 00:17:49.439925', '2024-09-30 00:17:49.439925', 'Gray Colorblock Hoodie', null,
        'https://firebasestorage.googleapis.com/v0/b/tiptop-store.appspot.com/o/Hollister_Hoodie_1.jpg?alt=media', 2400,
        2400, 1, 1051, 1201),
       (2451, '2024-09-30 00:17:49.439925', '2024-09-30 00:17:49.439925', 'Pink Icon Hoodie', null,
        'https://firebasestorage.googleapis.com/v0/b/tiptop-store.appspot.com/o/Hollister_Hoodie_2.jpg?alt=media', 2300,
        2300, 1, 1051, 1201),
       (2501, '2024-09-30 00:17:49.439925', '2024-09-30 00:17:49.439925', 'Navy Tie-Dye Icon Hoodie', null,
        'https://firebasestorage.googleapis.com/v0/b/tiptop-store.appspot.com/o/Hollister_Hoodie_3.jpg?alt=media', 2550,
        2550, 1, 1051, 1201),
       (2551, '2024-09-30 00:17:49.439925', '2024-09-30 00:17:49.439925', 'Navy Colorblock Hoodie', null,
        'https://firebasestorage.googleapis.com/v0/b/tiptop-store.appspot.com/o/Hollister_Hoodie_4.jpg?alt=media', 2100,
        2100, 1, 1051, 1201),
       (2601, '2024-09-30 00:17:49.439925', '2024-09-30 00:17:49.439925', 'Burgundy Icon Polo', null,
        'https://firebasestorage.googleapis.com/v0/b/tiptop-store.appspot.com/o/Hollister_Polo_1.jpg?alt=media', 1150,
        1150, 1, 1051, 1301),
       (2651, '2024-09-30 00:17:49.439925', '2024-09-30 00:17:49.439925', 'Black Mint Icon Polo', null,
        'https://firebasestorage.googleapis.com/v0/b/tiptop-store.appspot.com/o/Hollister_Polo_2.jpg?alt=media', 1250,
        1250, 1, 1051, 1301),
       (2701, '2024-09-30 00:17:49.439925', '2024-09-30 00:17:49.439925', 'Pink Icon Polo', null,
        'https://firebasestorage.googleapis.com/v0/b/tiptop-store.appspot.com/o/Hollister_Polo_3.jpg?alt=media', 1400,
        1400, 1, 1051, 1301),
       (2751, '2024-09-30 00:17:49.439925', '2024-09-30 00:17:49.439925', 'Black Skinny Jeans', null,
        'https://firebasestorage.googleapis.com/v0/b/tiptop-store.appspot.com/o/Hollister_Jeans_1.jpg?alt=media', 2600,
        2600, 1, 1051, 1251),
       (2801, '2024-09-30 00:17:49.439925', '2024-09-30 00:17:49.439925', 'Light Wash Skinny Jeans', null,
        'https://firebasestorage.googleapis.com/v0/b/tiptop-store.appspot.com/o/Hollister_Jeans_2.jpg?alt=media', 2500,
        2500, 1, 1051, 1251),
       (2851, '2024-09-30 00:17:49.439925', '2024-09-30 00:17:49.439925', 'Wash Skinny Jeans', null,
        'https://firebasestorage.googleapis.com/v0/b/tiptop-store.appspot.com/o/Hollister_Jeans_3.jpg?alt=media', 2950,
        2950, 1, 1051, 1251),
       (2901, '2024-09-30 00:17:49.439925', '2024-09-30 00:17:49.439925', 'Basic Check Shirt', null,
        'https://firebasestorage.googleapis.com/v0/b/tiptop-store.appspot.com/o/Pb_Shirt_1.jpg?alt=media', 2900, 2900,
        1, 1101, 1351),
       (2951, '2024-09-30 00:17:49.439925', '2024-09-30 00:17:49.439925', 'Basic Twill Shirt', null,
        'https://firebasestorage.googleapis.com/v0/b/tiptop-store.appspot.com/o/Pb_Shirt_2.jpg?alt=media', 2700, 2700,
        1, 1101, 1351),
       (3001, '2024-09-30 00:17:49.439925', '2024-09-30 00:17:49.439925', 'Striped Denim Shirt', null,
        'https://firebasestorage.googleapis.com/v0/b/tiptop-store.appspot.com/o/Pb_Shirt_3.jpg?alt=media', 3120, 3120,
        1, 1101, 1351),
       (3051, '2024-09-30 00:17:49.439925', '2024-09-30 00:17:49.439925', 'Sky Blue Hoodie', null,
        'https://firebasestorage.googleapis.com/v0/b/tiptop-store.appspot.com/o/Pb_Hoodie_1.jpg?alt=media', 2300, 2300,
        1, 1101, 1201),
       (3101, '2024-09-30 00:17:49.439925', '2024-09-30 00:17:49.439925', 'Printed Hoodie', null,
        'https://firebasestorage.googleapis.com/v0/b/tiptop-store.appspot.com/o/Pb_Hoodie_2.jpg?alt=media', 2830, 2830,
        1, 1101, 1201),
       (3151, '2024-09-30 00:17:49.439925', '2024-09-30 00:17:49.439925', 'Slogan Hoodie', null,
        'https://firebasestorage.googleapis.com/v0/b/tiptop-store.appspot.com/o/Pb_Hoodie_3.jpg?alt=media', 2490, 2490,
        1, 1101, 1201),
       (3201, '2024-09-30 00:17:49.439925', '2024-09-30 00:17:49.439925', 'Blue Ripped Jeans', null,
        'https://firebasestorage.googleapis.com/v0/b/tiptop-store.appspot.com/o/Pb_Jeans_1.jpg?alt=media', 2870, 2870,
        1, 1101, 1251),
       (3251, '2024-09-30 00:17:49.439925', '2024-09-30 00:17:49.439925', 'Black Ripped Jeans', null,
        'https://firebasestorage.googleapis.com/v0/b/tiptop-store.appspot.com/o/Pb_Jeans_2.jpg?alt=media', 2930, 2930,
        1, 1101, 1251),
       (3301, '2024-09-30 00:17:49.439925', '2024-09-30 00:17:49.439925', 'Blue Bleached Jeans', null,
        'https://firebasestorage.googleapis.com/v0/b/tiptop-store.appspot.com/o/Pb_Jeans_3.jpg?alt=media', 2600, 2600,
        1, 1101, 1251),
       (3351, '2024-09-30 00:17:49.439925', '2024-09-30 00:17:49.439925', 'Grey Skinny Jeans', null,
        'https://firebasestorage.googleapis.com/v0/b/tiptop-store.appspot.com/o/Pb_Jeans_4.jpg?alt=media', 2700, 2700,
        1, 1101, 1251),
       (3401, '2024-09-30 00:17:49.439925', '2024-09-30 00:17:49.439925', 'Abstract Print Shirt', null,
        'https://firebasestorage.googleapis.com/v0/b/tiptop-store.appspot.com/o/Zara_Shirt_1.jpg?alt=media', 2490, 2490,
        1, 1151, 1351),
       (3451, '2024-09-30 00:17:49.439925', '2024-09-30 00:17:49.439925', 'Abstract Print Shirt', null,
        'https://firebasestorage.googleapis.com/v0/b/tiptop-store.appspot.com/o/Zara_Shirt_2.jpg?alt=media', 2370, 2370,
        1, 1151, 1351),
       (3501, '2024-09-30 00:17:49.439925', '2024-09-30 00:17:49.439925', 'Geometric Print Shirt', null,
        'https://firebasestorage.googleapis.com/v0/b/tiptop-store.appspot.com/o/Zara_Shirt_3.jpg?alt=media', 2640, 2640,
        1, 1151, 1351),
       (3551, '2024-09-30 00:17:49.439925', '2024-09-30 00:17:49.439925', 'Geometric Shirt', null,
        'https://firebasestorage.googleapis.com/v0/b/tiptop-store.appspot.com/o/Zara_Shirt_4.jpg?alt=media', 2900, 2900,
        1, 1151, 1351),
       (3601, '2024-09-30 00:17:49.439925', '2024-09-30 00:17:49.439925', 'Stiped Print Shirt', null,
        'https://firebasestorage.googleapis.com/v0/b/tiptop-store.appspot.com/o/Zara_Shirt_5.jpg?alt=media', 2190, 2190,
        1, 1151, 1351),
       (3651, '2024-09-30 00:17:49.439925', '2024-09-30 00:17:49.439925', 'Striped Textured Shirt', null,
        'https://firebasestorage.googleapis.com/v0/b/tiptop-store.appspot.com/o/Zara_Shirt_6.jpg?alt=media', 2780, 2780,
        1, 1151, 1351),
       (3701, '2024-09-30 00:17:49.439925', '2024-09-30 00:17:49.439925', 'Blue Ripped Jeans', null,
        'https://firebasestorage.googleapis.com/v0/b/tiptop-store.appspot.com/o/Zara_Jeans_1.jpg?alt=media', 3200, 3200,
        1, 1151, 1251),
       (3751, '2024-09-30 00:17:49.439925', '2024-09-30 00:17:49.439925', 'Grey Cropped Jeans', null,
        'https://firebasestorage.googleapis.com/v0/b/tiptop-store.appspot.com/o/Zara_Jeans_2.jpg?alt=media', 3450, 3450,
        1, 1151, 1251),
       (3801, '2024-09-30 00:17:49.439925', '2024-09-30 00:17:49.439925', 'Paint Splatter Jeans', null,
        'https://firebasestorage.googleapis.com/v0/b/tiptop-store.appspot.com/o/Zara_Jeans_3.jpg?alt=media', 4200, 4200,
        1, 1151, 1251),
       (3851, '2024-09-30 00:17:49.439925', '2024-09-30 00:17:49.439925', 'Blue Ripped Jeans', null,
        'https://firebasestorage.googleapis.com/v0/b/tiptop-store.appspot.com/o/Zara_Jeans_4.jpg?alt=media', 3350, 3350,
        1, 1151, 1251);

-- ROLE
INSERT INTO public.role (name)
VALUES ('ROLE_ADMIN'),
       ('ROLE_USER');